"bat_species","measurement","day_of_year","slope","lci","uci"
"Pteropus_rufus","forearm",1,0.660759404792494,0.431372757622703,0.890146051962285
"Pteropus_rufus","forearm",2,0.660746695096019,0.431405384146479,0.890088006045558
"Pteropus_rufus","forearm",3,0.660708384569081,0.431500372106164,0.889916397031998
"Pteropus_rufus","forearm",4,0.660644756108849,0.431659053021005,0.889630459196694
"Pteropus_rufus","forearm",5,0.660555009051471,0.431881491528025,0.889228526574917
"Pteropus_rufus","forearm",6,0.66044019654454,0.432167066848558,0.888713326240522
"Pteropus_rufus","forearm",7,0.660300265421941,0.432515004335212,0.888085526508671
"Pteropus_rufus","forearm",8,0.660134998492319,0.432926236546144,0.887343760438494
"Pteropus_rufus","forearm",9,0.659943330904981,0.43339791738976,0.886488744420202
"Pteropus_rufus","forearm",10,0.659726370337641,0.433931519069442,0.88552122160584
"Pteropus_rufus","forearm",11,0.659484435855318,0.434525513443098,0.884443358267538
"Pteropus_rufus","forearm",12,0.659216486548571,0.435179665153718,0.883253307943424
"Pteropus_rufus","forearm",13,0.658923139742694,0.435891871239558,0.881954408245831
"Pteropus_rufus","forearm",14,0.658604539088465,0.436662124693414,0.880546953483516
"Pteropus_rufus","forearm",15,0.658260216067591,0.437489352411489,0.879031079723694
"Pteropus_rufus","forearm",16,0.657890698180018,0.438372033788668,0.877409362571368
"Pteropus_rufus","forearm",17,0.657495119092317,0.439308263697967,0.875681974486667
"Pteropus_rufus","forearm",18,0.657074475700847,0.440297424802282,0.873851526599412
"Pteropus_rufus","forearm",19,0.656628338285405,0.441338245486881,0.871918431083929
"Pteropus_rufus","forearm",20,0.656156655936581,0.442427680049314,0.869885631823848
"Pteropus_rufus","forearm",21,0.65565932729717,0.443564378015808,0.867754276578532
"Pteropus_rufus","forearm",22,0.655136512793608,0.444746531831895,0.86552649375532
"Pteropus_rufus","forearm",23,0.654588086102541,0.445970538805546,0.863205633399535
"Pteropus_rufus","forearm",24,0.654014712750598,0.447235816235676,0.860793609265519
"Pteropus_rufus","forearm",25,0.653415533747186,0.448538224704326,0.858292842790046
"Pteropus_rufus","forearm",26,0.652790563077444,0.449874702257514,0.855706423897373
"Pteropus_rufus","forearm",27,0.652140427389093,0.451243169472869,0.853037685305318
"Pteropus_rufus","forearm",28,0.651464960880072,0.452638416104942,0.850291505655202
"Pteropus_rufus","forearm",29,0.650763658597441,0.454057434292893,0.847469882901989
"Pteropus_rufus","forearm",30,0.650031310371568,0.455494912030471,0.844567708712666
"Pteropus_rufus","forearm",31,0.649263300146044,0.456945247697562,0.841581352594527
"Pteropus_rufus","forearm",32,0.648454112266053,0.458400972177742,0.838507252354365
"Pteropus_rufus","forearm",33,0.647599153426206,0.459855960973107,0.835342345879305
"Pteropus_rufus","forearm",34,0.646693979925098,0.461302778813367,0.83208518103683
"Pteropus_rufus","forearm",35,0.645734484846866,0.462732635572194,0.828736334121538
"Pteropus_rufus","forearm",36,0.644720396277592,0.464141327464371,0.825299465090814
"Pteropus_rufus","forearm",37,0.643651765595267,0.465523275113687,0.821780256076847
"Pteropus_rufus","forearm",38,0.642525115198496,0.466869133373407,0.818181097023585
"Pteropus_rufus","forearm",39,0.641336507046357,0.468169559216609,0.814503454876106
"Pteropus_rufus","forearm",40,0.640087212864417,0.469418818453664,0.81075560727517
"Pteropus_rufus","forearm",41,0.638773797528868,0.470607388792838,0.806940206264898
"Pteropus_rufus","forearm",42,0.637389995760878,0.471721610180694,0.803058381341062
"Pteropus_rufus","forearm",43,0.635935035429408,0.472753868043339,0.799116202815477
"Pteropus_rufus","forearm",44,0.634407207681419,0.473699804403337,0.795114610959501
"Pteropus_rufus","forearm",45,0.63280749921525,0.474554880274828,0.791060118155672
"Pteropus_rufus","forearm",46,0.631135872591074,0.475314247910279,0.786957497271869
"Pteropus_rufus","forearm",47,0.629391783268118,0.475972303884846,0.782811262651389
"Pteropus_rufus","forearm",48,0.627575907409143,0.476523082282046,0.778628732536241
"Pteropus_rufus","forearm",49,0.625686225051986,0.47695750923688,0.774414940867092
"Pteropus_rufus","forearm",50,0.623721734015548,0.477266349990066,0.77017711804103
"Pteropus_rufus","forearm",51,0.621680547756722,0.477444344077601,0.765916751435843
"Pteropus_rufus","forearm",52,0.619562758327313,0.477486965164295,0.761638551490331
"Pteropus_rufus","forearm",53,0.6173671681242,0.477391252025203,0.757343084223196
"Pteropus_rufus","forearm",54,0.615094098369553,0.477156260079428,0.753031936659679
"Pteropus_rufus","forearm",55,0.612743911757667,0.476780698738824,0.74870712477651
"Pteropus_rufus","forearm",56,0.610316440358569,0.476262700693825,0.744370180023313
"Pteropus_rufus","forearm",57,0.60781120185773,0.47559970209565,0.740022701619811
"Pteropus_rufus","forearm",58,0.605228327481407,0.474789333835519,0.735667321127295
"Pteropus_rufus","forearm",59,0.602568462509881,0.473828915487184,0.731308009532578
"Pteropus_rufus","forearm",60,0.59983090336196,0.472714841608309,0.726946965115611
"Pteropus_rufus","forearm",61,0.597015947696954,0.471443655566678,0.72258823982723
"Pteropus_rufus","forearm",62,0.594123605753625,0.470010579228797,0.718236632278453
"Pteropus_rufus","forearm",63,0.591155004388586,0.468414068679979,0.713895940097192
"Pteropus_rufus","forearm",64,0.588112676941438,0.466654348502961,0.709571005379915
"Pteropus_rufus","forearm",65,0.584998427629669,0.464732902342482,0.705263952916855
"Pteropus_rufus","forearm",66,0.581813378968807,0.462650884386155,0.700975873551459
"Pteropus_rufus","forearm",67,0.57856123628016,0.460414030647265,0.696708441913055
"Pteropus_rufus","forearm",68,0.575243844889283,0.458027128370435,0.692460561408131
"Pteropus_rufus","forearm",69,0.571863023676814,0.455495252112104,0.688230795241523
"Pteropus_rufus","forearm",70,0.5684232073337,0.452827178429301,0.684019236238098
"Pteropus_rufus","forearm",71,0.564928576176823,0.45003238206591,0.679824770287735
"Pteropus_rufus","forearm",72,0.561383632943451,0.44712194043259,0.675645325454313
"Pteropus_rufus","forearm",73,0.557793796940875,0.44410872239755,0.671478871484201
"Pteropus_rufus","forearm",74,0.554160698648245,0.44100274282209,0.6673186544744
"Pteropus_rufus","forearm",75,0.550484790260182,0.437813404064821,0.663156176455543
"Pteropus_rufus","forearm",76,0.546766150107518,0.434548724624068,0.658983575590968
"Pteropus_rufus","forearm",77,0.543007274436118,0.431217804217135,0.654796744655101
"Pteropus_rufus","forearm",78,0.539214276809711,0.42783030964532,0.650598243974102
"Pteropus_rufus","forearm",79,0.535390008589703,0.424395305178472,0.646384712000934
"Pteropus_rufus","forearm",80,0.53153431995053,0.420920333414862,0.642148306486197
"Pteropus_rufus","forearm",81,0.527647258016089,0.417414063755526,0.637880452276651
"Pteropus_rufus","forearm",82,0.523731755910489,0.413882042517188,0.633581469303791
"Pteropus_rufus","forearm",83,0.519791423931805,0.410330532269499,0.629252315594112
"Pteropus_rufus","forearm",84,0.515826134471287,0.406767122884039,0.624885146058535
"Pteropus_rufus","forearm",85,0.511835865164524,0.403197542312008,0.62047418801704
"Pteropus_rufus","forearm",86,0.507820513477251,0.399626725709286,0.616014301245216
"Pteropus_rufus","forearm",87,0.503780202077621,0.396060291103466,0.611500113051776
"Pteropus_rufus","forearm",88,0.499714912323271,0.39250111425188,0.606928710394661
"Pteropus_rufus","forearm",89,0.495624714336192,0.388953775557316,0.602295653115067
"Pteropus_rufus","forearm",90,0.491509570971119,0.385419739206658,0.59759940273558
"Pteropus_rufus","forearm",91,0.487369188499604,0.381900899755578,0.592837477243629
"Pteropus_rufus","forearm",92,0.483203947254735,0.378398832582354,0.588009061927117
"Pteropus_rufus","forearm",93,0.479013770544775,0.374913384983351,0.583114156106199
"Pteropus_rufus","forearm",94,0.474798464220144,0.371444004553791,0.578152923886497
"Pteropus_rufus","forearm",95,0.470558277242054,0.367989145922754,0.573127408561355
"Pteropus_rufus","forearm",96,0.466292849162054,0.364546833647268,0.568038864676841
"Pteropus_rufus","forearm",97,0.462002779885166,0.361114276853371,0.562891282916961
"Pteropus_rufus","forearm",98,0.457687662631058,0.357686808223603,0.557688517038512
"Pteropus_rufus","forearm",99,0.453347501893141,0.354259059352774,0.552435944433509
"Pteropus_rufus","forearm",100,0.448982326825581,0.350825334507465,0.547139319143697
"Pteropus_rufus","tibia",1,0.223245684481011,0.132012981088803,0.314478387873218
"Pteropus_rufus","tibia",2,0.223239299021577,0.132022262747918,0.314456335295236
"Pteropus_rufus","tibia",3,0.223220509615322,0.132049601920056,0.314391417310587
"Pteropus_rufus","tibia",4,0.223189153378531,0.132095153155201,0.314283153601861
"Pteropus_rufus","tibia",5,0.223144723735591,0.132158698028341,0.314130749442841
"Pteropus_rufus","tibia",6,0.223087989795137,0.132240450328632,0.313935529261642
"Pteropus_rufus","tibia",7,0.223018791748864,0.132339973087949,0.313697610409778
"Pteropus_rufus","tibia",8,0.222937031771218,0.132457554531477,0.313416509010959
"Pteropus_rufus","tibia",9,0.222842468260119,0.132592371642553,0.313092564877685
"Pteropus_rufus","tibia",10,0.222735148935694,0.132744538146152,0.312725759725235
"Pteropus_rufus","tibia",11,0.222615603329463,0.132913951902589,0.312317254756338
"Pteropus_rufus","tibia",12,0.222483085093042,0.133100130536903,0.311866039649181
"Pteropus_rufus","tibia",13,0.222338101597344,0.133302639066168,0.311373564128519
"Pteropus_rufus","tibia",14,0.222180670676385,0.133521415872041,0.31083992548073
"Pteropus_rufus","tibia",15,0.222010497152741,0.133755948618501,0.310265045686982
"Pteropus_rufus","tibia",16,0.221827734333118,0.134005655828845,0.309649812837391
"Pteropus_rufus","tibia",17,0.221632312622387,0.134270141180784,0.308994484063989
"Pteropus_rufus","tibia",18,0.221424375117923,0.134548920138029,0.308299830097818
"Pteropus_rufus","tibia",19,0.221203813586737,0.134841611096165,0.307566016077309
"Pteropus_rufus","tibia",20,0.220970764756665,0.135147288679119,0.306794240834212
"Pteropus_rufus","tibia",21,0.220724915027104,0.135465220531341,0.305984609522867
"Pteropus_rufus","tibia",22,0.220466383693788,0.135794824570849,0.305137942816726
"Pteropus_rufus","tibia",23,0.22019539677207,0.136135144181666,0.304255649362474
"Pteropus_rufus","tibia",24,0.219911972994017,0.13648574749682,0.303338198491215
"Pteropus_rufus","tibia",25,0.219615761420837,0.136845170680055,0.30238635216162
"Pteropus_rufus","tibia",26,0.219306945812782,0.137212552673622,0.301401338951943
"Pteropus_rufus","tibia",27,0.218985546228391,0.137586987549469,0.300384104907312
"Pteropus_rufus","tibia",28,0.218651755345056,0.137966976480878,0.299336534209235
"Pteropus_rufus","tibia",29,0.218305071722256,0.13835120106932,0.298258942375191
"Pteropus_rufus","tibia",30,0.21794461589054,0.138739052875645,0.297150178905435
"Pteropus_rufus","tibia",31,0.21756981648644,0.139129911307784,0.296009721665095
"Pteropus_rufus","tibia",32,0.217179459226242,0.139522237989646,0.294836680462837
"Pteropus_rufus","tibia",33,0.216772906141767,0.139915166820642,0.293630645462892
"Pteropus_rufus","tibia",34,0.216349494719095,0.140307314341165,0.292391675097025
"Pteropus_rufus","tibia",35,0.215908957194343,0.140697147948691,0.291120766439995
"Pteropus_rufus","tibia",36,0.215450988310156,0.141083079342149,0.289818897278163
"Pteropus_rufus","tibia",37,0.214975889610181,0.14146359043743,0.288488188782932
"Pteropus_rufus","tibia",38,0.214483155096425,0.141836497539973,0.287129812652877
"Pteropus_rufus","tibia",39,0.213972451704578,0.142199954519665,0.28574494888949
"Pteropus_rufus","tibia",40,0.213444721360313,0.142552619655324,0.284336823065303
"Pteropus_rufus","tibia",41,0.212899435764903,0.142892216212898,0.282906655316909
"Pteropus_rufus","tibia",42,0.212336395409046,0.143216520856219,0.281456269961872
"Pteropus_rufus","tibia",43,0.211756909876506,0.143524750368927,0.279989069384085
"Pteropus_rufus","tibia",44,0.211159864893798,0.143815038002707,0.278504691784889
"Pteropus_rufus","tibia",45,0.210545872382446,0.144086191427395,0.277005553337497
"Pteropus_rufus","tibia",46,0.209915114350288,0.144336903042847,0.275493325657729
"Pteropus_rufus","tibia",47,0.209266902794872,0.144564940272469,0.273968865317276
"Pteropus_rufus","tibia",48,0.208601744225737,0.14476870245145,0.272434786000024
"Pteropus_rufus","tibia",49,0.207919910202357,0.144946320963262,0.270893499441452
"Pteropus_rufus","tibia",50,0.207222843951079,0.145096631116748,0.26934905678541
"Pteropus_rufus","tibia",51,0.206511052124536,0.145219110699492,0.267802993549579
"Pteropus_rufus","tibia",52,0.205785008646056,0.145312689942914,0.266257327349198
"Pteropus_rufus","tibia",53,0.205045249898542,0.145377298998125,0.264713200798958
"Pteropus_rufus","tibia",54,0.204292055490819,0.145412751718899,0.26317135926274
"Pteropus_rufus","tibia",55,0.203525448842832,0.145418442636705,0.26163245504896
"Pteropus_rufus","tibia",56,0.202745422544315,0.145393754417489,0.260097090671141
"Pteropus_rufus","tibia",57,0.201951685761787,0.145337643999351,0.258565727524222
"Pteropus_rufus","tibia",58,0.201144379585923,0.145249311193244,0.257039447978603
"Pteropus_rufus","tibia",59,0.200323737349886,0.145127781198941,0.25551969350083
"Pteropus_rufus","tibia",60,0.199489501077348,0.144971728164484,0.254007273990213
"Pteropus_rufus","tibia",61,0.198641775372674,0.144779865013046,0.252503685732302
"Pteropus_rufus","tibia",62,0.197780409604712,0.144550307072695,0.251010512136729
"Pteropus_rufus","tibia",63,0.196906335129939,0.144282717660743,0.249529952599135
"Pteropus_rufus","tibia",64,0.196020784625255,0.143977021096405,0.248064548154106
"Pteropus_rufus","tibia",65,0.195124552427223,0.143633414017349,0.246615690837097
"Pteropus_rufus","tibia",66,0.194218051107427,0.143251824223897,0.245184277990957
"Pteropus_rufus","tibia",67,0.193302825713431,0.14283373573253,0.243771915694331
"Pteropus_rufus","tibia",68,0.192379412965731,0.142380070506287,0.242378755425175
"Pteropus_rufus","tibia",69,0.191448311852166,0.141891810685891,0.241004813018442
"Pteropus_rufus","tibia",70,0.19051079632962,0.141370916206883,0.239650676452356
"Pteropus_rufus","tibia",71,0.189567860114074,0.140819416095778,0.23831630413237
"Pteropus_rufus","tibia",72,0.188620414998322,0.140239711818564,0.23700111817808
"Pteropus_rufus","tibia",73,0.187669718172014,0.139634859562651,0.235704576781377
"Pteropus_rufus","tibia",74,0.186715925540107,0.139007337051373,0.234424514028841
"Pteropus_rufus","tibia",75,0.185759230104854,0.138359946248131,0.233158513961578
"Pteropus_rufus","tibia",76,0.184799388876335,0.13769479523455,0.23190398251812
"Pteropus_rufus","tibia",77,0.183836935683208,0.13701426915962,0.230659602206797
"Pteropus_rufus","tibia",78,0.182872538706036,0.136319914996726,0.229425162415345
"Pteropus_rufus","tibia",79,0.18190639609042,0.135613802198215,0.228198989982625
"Pteropus_rufus","tibia",80,0.180938334003817,0.13489820885398,0.226978459153653
"Pteropus_rufus","tibia",81,0.179968627977704,0.134176164226671,0.225761091728738
"Pteropus_rufus","tibia",82,0.178997222636262,0.133448463405587,0.224545981866937
"Pteropus_rufus","tibia",83,0.178024258070757,0.13271613109805,0.223332385043463
"Pteropus_rufus","tibia",84,0.177049885063564,0.13198188480053,0.222117885326597
"Pteropus_rufus","tibia",85,0.176074007180296,0.13124758398715,0.220900430373442
"Pteropus_rufus","tibia",86,0.175096572898223,0.130514919191356,0.21967822660509
"Pteropus_rufus","tibia",87,0.174117620008116,0.12978580528585,0.218449434730383
"Pteropus_rufus","tibia",88,0.173137193533326,0.129061352191002,0.21721303487565
"Pteropus_rufus","tibia",89,0.17215531226271,0.128343147155482,0.215967477369939
"Pteropus_rufus","tibia",90,0.171171868178789,0.127631695074745,0.214712041282832
"Pteropus_rufus","tibia",91,0.17018686550046,0.126927822684337,0.213445908316583
"Pteropus_rufus","tibia",92,0.169200440948844,0.126232154888835,0.212168727008853
"Pteropus_rufus","tibia",93,0.168212548874581,0.125544725409245,0.210880372339916
"Pteropus_rufus","tibia",94,0.167223087427909,0.124865417809989,0.209580757045828
"Pteropus_rufus","tibia",95,0.166232126153679,0.124193798701431,0.208270453605926
"Pteropus_rufus","tibia",96,0.165239559333668,0.123529332706553,0.206949785960784
"Pteropus_rufus","tibia",97,0.164245656457331,0.122871254124099,0.205620058790563
"Pteropus_rufus","tibia",98,0.163250259315962,0.122218106555021,0.204282412076903
"Pteropus_rufus","tibia",99,0.162253211712208,0.121568061410073,0.202938362014342
"Pteropus_rufus","tibia",100,0.161254775473855,0.120919602812774,0.201589948134935
"Pteropus_rufus","ear_length",1,0.053092162504661,0.0115798488230114,0.0946044761863105
"Pteropus_rufus","ear_length",2,0.0530924978142589,0.0115864502606961,0.0945985453678216
"Pteropus_rufus","ear_length",3,0.0530934038113099,0.0116058233002403,0.0945809843223796
"Pteropus_rufus","ear_length",4,0.0530949464530968,0.0116381481974224,0.0945517447087713
"Pteropus_rufus","ear_length",5,0.0530970375302652,0.0116834519078392,0.0945106231526912
"Pteropus_rufus","ear_length",6,0.0530998003860381,0.0117416358604096,0.0944579649116665
"Pteropus_rufus","ear_length",7,0.0531031873484218,0.0118125350719587,0.0943938396248848
"Pteropus_rufus","ear_length",8,0.0531072393770066,0.0118963394231928,0.0943181393308204
"Pteropus_rufus","ear_length",9,0.0531118001740232,0.0119926733447669,0.0942309270032795
"Pteropus_rufus","ear_length",10,0.0531169795562781,0.0121016518586551,0.0941323072539011
"Pteropus_rufus","ear_length",11,0.0531228727015321,0.0122231159926101,0.094022629410454
"Pteropus_rufus","ear_length",12,0.0531292939194546,0.0123569832834115,0.0939016045554977
"Pteropus_rufus","ear_length",13,0.0531363183414601,0.0125029482433842,0.093769688439536
"Pteropus_rufus","ear_length",14,0.0531439870242724,0.0126610089758981,0.0936269650726467
"Pteropus_rufus","ear_length",15,0.0531522968015721,0.0128310740743549,0.0934735195287893
"Pteropus_rufus","ear_length",16,0.0531611860376851,0.0130127765044043,0.0933095955709659
"Pteropus_rufus","ear_length",17,0.0531706425417618,0.01320598148673,0.0931353035967935
"Pteropus_rufus","ear_length",18,0.0531807618379104,0.0134105104177136,0.0929510132581072
"Pteropus_rufus","ear_length",19,0.0531915141434075,0.0136262259511823,0.0927568023356327
"Pteropus_rufus","ear_length",20,0.0532029115040654,0.0138527074515679,0.0925531155565629
"Pteropus_rufus","ear_length",21,0.0532148607116387,0.0140896950603136,0.0923400263629637
"Pteropus_rufus","ear_length",22,0.0532274136690042,0.0143369507402978,0.0921178765977106
"Pteropus_rufus","ear_length",23,0.0532405841918654,0.0145940185022622,0.0918871498814685
"Pteropus_rufus","ear_length",24,0.0532544336719079,0.0148607678112513,0.0916480995325646
"Pteropus_rufus","ear_length",25,0.0532688403351828,0.0151366396546146,0.091401041015751
"Pteropus_rufus","ear_length",26,0.0532838473156086,0.0154212607073961,0.0911464339238212
"Pteropus_rufus","ear_length",27,0.053299521864905,0.0157143252219664,0.0908847185078437
"Pteropus_rufus","ear_length",28,0.0533158176958649,0.0160151238852953,0.0906165115064344
"Pteropus_rufus","ear_length",29,0.0533326774829743,0.0163232843191978,0.0903420706467509
"Pteropus_rufus","ear_length",30,0.0533497638312946,0.0166386629446778,0.0900608647179114
"Pteropus_rufus","ear_length",31,0.0533668563320487,0.0169611000520412,0.0897726126120561
"Pteropus_rufus","ear_length",32,0.053383490507097,0.0172901040160432,0.0894768769981508
"Pteropus_rufus","ear_length",33,0.0533993430299496,0.017625342591146,0.0891733434687533
"Pteropus_rufus","ear_length",34,0.0534140237168474,0.0179662253418676,0.0888618220918272
"Pteropus_rufus","ear_length",35,0.0534271831468689,0.0183119962002491,0.0885423700934886
"Pteropus_rufus","ear_length",36,0.0534388054201654,0.0186621419828926,0.0882154688574382
"Pteropus_rufus","ear_length",37,0.0534489032381222,0.0190159761176127,0.0878818303586316
"Pteropus_rufus","ear_length",38,0.053457023554906,0.0193724735511972,0.0875415735586147
"Pteropus_rufus","ear_length",39,0.0534627489124491,0.019730711995659,0.0871947858292392
"Pteropus_rufus","ear_length",40,0.0534662753004651,0.0200900025269662,0.086842548073964
"Pteropus_rufus","ear_length",41,0.0534671002343635,0.0204492449421128,0.0864849555266143
"Pteropus_rufus","ear_length",42,0.053464253736901,0.0208068204919562,0.0861216869818457
"Pteropus_rufus","ear_length",43,0.0534577027143028,0.02116193114202,0.0857534742865856
"Pteropus_rufus","ear_length",44,0.0534470943785582,0.0215139662832377,0.0853802224738787
"Pteropus_rufus","ear_length",45,0.0534326781903854,0.0218624757990106,0.0850028805817602
"Pteropus_rufus","ear_length",46,0.0534143562537049,0.0222068079116953,0.0846219045957145
"Pteropus_rufus","ear_length",47,0.0533921188162923,0.022546387909063,0.0842378497235216
"Pteropus_rufus","ear_length",48,0.0533660132516892,0.022880467800092,0.0838515587032865
"Pteropus_rufus","ear_length",49,0.0533356020964411,0.0232078468276291,0.083463357365253
"Pteropus_rufus","ear_length",50,0.0533003402552919,0.0235270211670719,0.0830736593435118
"Pteropus_rufus","ear_length",51,0.0532598326822831,0.0238372356670294,0.0826824296975367
"Pteropus_rufus","ear_length",52,0.0532137585779128,0.0241375822405291,0.0822899349152964
"Pteropus_rufus","ear_length",53,0.0531617888173667,0.0244275085208352,0.0818960691138982
"Pteropus_rufus","ear_length",54,0.0531039839799798,0.0247068878756374,0.0815010800843222
"Pteropus_rufus","ear_length",55,0.0530403574793515,0.0249754770025728,0.0811052379561301
"Pteropus_rufus","ear_length",56,0.0529708966231461,0.0252330267390766,0.0807087665072156
"Pteropus_rufus","ear_length",57,0.0528955500363087,0.0254791943786834,0.0803119056939341
"Pteropus_rufus","ear_length",58,0.0528143090283666,0.0257135950335611,0.0799150230231722
"Pteropus_rufus","ear_length",59,0.0527272724782919,0.0259358506721166,0.0795186942844672
"Pteropus_rufus","ear_length",60,0.0526343639273544,0.0261454709675233,0.0791232568871855
"Pteropus_rufus","ear_length",61,0.0525356019743475,0.0263419252743781,0.0787292786743169
"Pteropus_rufus","ear_length",62,0.0524309863287439,0.0265245395244332,0.0783374331330547
"Pteropus_rufus","ear_length",63,0.0523203967106069,0.0266926442701448,0.0779481491510691
"Pteropus_rufus","ear_length",64,0.0522036816223792,0.02684548806639,0.0775618751783684
"Pteropus_rufus","ear_length",65,0.0520807673071477,0.026982678062683,0.0771788565516124
"Pteropus_rufus","ear_length",66,0.0519515596880597,0.0271038468377334,0.0767992725383861
"Pteropus_rufus","ear_length",67,0.0518160870212584,0.0272088450815027,0.076423328961014
"Pteropus_rufus","ear_length",68,0.0516743072643988,0.0272976587077369,0.0760509558210606
"Pteropus_rufus","ear_length",69,0.051526222661563,0.0273703508284851,0.0756820944946409
"Pteropus_rufus","ear_length",70,0.0513719795460612,0.0274271553498248,0.0753168037422975
"Pteropus_rufus","ear_length",71,0.0512117256062072,0.0274684442682889,0.0749550069441255
"Pteropus_rufus","ear_length",72,0.0510456099379688,0.0274947626006875,0.0745964572752501
"Pteropus_rufus","ear_length",73,0.0508739592087438,0.027506941943604,0.0742409764738836
"Pteropus_rufus","ear_length",74,0.050696828928336,0.027505801212781,0.0738878566438911
"Pteropus_rufus","ear_length",75,0.050514262996082,0.0274922748536445,0.0735362511385194
"Pteropus_rufus","ear_length",76,0.0503262405640359,0.0274671519556711,0.0731853291724007
"Pteropus_rufus","ear_length",77,0.0501329746845742,0.0274312397106784,0.07283470965847
"Pteropus_rufus","ear_length",78,0.0499349936597644,0.0273852855984093,0.0724847017211196
"Pteropus_rufus","ear_length",79,0.0497325463074258,0.027330168818823,0.0721349237960285
"Pteropus_rufus","ear_length",80,0.0495256161667724,0.0272667531952604,0.0717844791382844
"Pteropus_rufus","ear_length",81,0.0493142111500683,0.0271960343359038,0.0714323879642328
"Pteropus_rufus","ear_length",82,0.0490986446453086,0.0271186085807428,0.0710786807098744
"Pteropus_rufus","ear_length",83,0.048879305599783,0.0270351618581817,0.0707234493413843
"Pteropus_rufus","ear_length",84,0.0486561833875845,0.0269466275668063,0.0703657392083627
"Pteropus_rufus","ear_length",85,0.0484292714884491,0.0268537243391907,0.0700048186377075
"Pteropus_rufus","ear_length",86,0.0481985805598118,0.0267571132671044,0.0696400478525191
"Pteropus_rufus","ear_length",87,0.0479640723159493,0.0266574527202871,0.0692706919116114
"Pteropus_rufus","ear_length",88,0.0477258120169771,0.0265552118638127,0.0688964121701415
"Pteropus_rufus","ear_length",89,0.0474837523056317,0.0264509302730099,0.0685165743382536
"Pteropus_rufus","ear_length",90,0.0472379261402272,0.0263448805484389,0.0681309717320154
"Pteropus_rufus","ear_length",91,0.0469882827123271,0.0262373282276201,0.0677392371970341
"Pteropus_rufus","ear_length",92,0.0467348718396315,0.026128508636772,0.0673412350424909
"Pteropus_rufus","ear_length",93,0.0464776740758037,0.0260184428563279,0.0669369052952795
"Pteropus_rufus","ear_length",94,0.046216686199271,0.0259071331932807,0.0665262392052613
"Pteropus_rufus","ear_length",95,0.0459519052679252,0.0257943954459584,0.0661094150898919
"Pteropus_rufus","ear_length",96,0.0456833157899722,0.0256800666151214,0.065686564964823
"Pteropus_rufus","ear_length",97,0.0454109777495754,0.0255638229103934,0.0652581325887575
"Pteropus_rufus","ear_length",98,0.0451348460336399,0.0254451506779737,0.0648245413893062
"Pteropus_rufus","ear_length",99,0.0448549258117191,0.0253234432674925,0.0643864083559457
"Pteropus_rufus","ear_length",100,0.0445712019670596,0.0251980352936576,0.0639443686404616
"Rousettus_madagascariensis","forearm",1,0.263382761149983,0.0270061028524448,0.499759419447521
"Rousettus_madagascariensis","forearm",2,0.263444727643236,0.0271481824006414,0.49974127288583
"Rousettus_madagascariensis","forearm",3,0.263682787547422,0.0276973459332044,0.49966822916164
"Rousettus_madagascariensis","forearm",4,0.264154753078819,0.0287857871994178,0.49952371895822
"Rousettus_madagascariensis","forearm",5,0.264857788746421,0.0304074907206614,0.499308086772181
"Rousettus_madagascariensis","forearm",6,0.265794560491893,0.0325681760136273,0.499020944970159
"Rousettus_madagascariensis","forearm",7,0.266962565941414,0.0352603644137128,0.498664767469115
"Rousettus_madagascariensis","forearm",8,0.26836344766016,0.0384861821071722,0.498240713213149
"Rousettus_madagascariensis","forearm",9,0.269995297835275,0.0422410841116807,0.497749511558869
"Rousettus_madagascariensis","forearm",10,0.271873261548281,0.0465676167322931,0.497178906364268
"Rousettus_madagascariensis","forearm",11,0.274011552225474,0.0515227838522002,0.496500320598748
"Rousettus_madagascariensis","forearm",12,0.276416503019157,0.0571302143630728,0.495702791675242
"Rousettus_madagascariensis","forearm",13,0.27909014804351,0.0633894313395544,0.494790864747465
"Rousettus_madagascariensis","forearm",14,0.282031719565491,0.0702935956228204,0.493769843508162
"Rousettus_madagascariensis","forearm",15,0.285240785239689,0.0778361528081894,0.492645417671188
"Rousettus_madagascariensis","forearm",16,0.2887178097198,0.0860113165638402,0.49142430287576
"Rousettus_madagascariensis","forearm",17,0.29246144278661,0.0948069659529385,0.490115919620281
"Rousettus_madagascariensis","forearm",18,0.296472685606666,0.104213931142098,0.488731440071234
"Rousettus_madagascariensis","forearm",19,0.300752379212601,0.114221477349721,0.48728328107548
"Rousettus_madagascariensis","forearm",20,0.305299926160468,0.124810915907716,0.48578893641322
"Rousettus_madagascariensis","forearm",21,0.31011479112527,0.135963711536456,0.484265870714085
"Rousettus_madagascariensis","forearm",22,0.315197637887271,0.147654908519253,0.482740367255288
"Rousettus_madagascariensis","forearm",23,0.320546992094707,0.159852702529198,0.481241281660216
"Rousettus_madagascariensis","forearm",24,0.326118173312976,0.172443882537995,0.479792464087957
"Rousettus_madagascariensis","forearm",25,0.331815033981876,0.185225495999596,0.478404571964155
"Rousettus_madagascariensis","forearm",26,0.337588351745336,0.198070980661517,0.477105722829155
"Rousettus_madagascariensis","forearm",27,0.343385759357019,0.2108413944632,0.475930124250837
"Rousettus_madagascariensis","forearm",28,0.349155618796136,0.223397488263639,0.474913749328633
"Rousettus_madagascariensis","forearm",29,0.354843364225851,0.235588951924676,0.474097776527025
"Rousettus_madagascariensis","forearm",30,0.360338928129351,0.247182011306255,0.473495844952447
"Rousettus_madagascariensis","forearm",31,0.365534326398721,0.257959743298545,0.473108909498897
"Rousettus_madagascariensis","forearm",32,0.370374237881555,0.267806403348482,0.472942072414628
"Rousettus_madagascariensis","forearm",33,0.374858823864355,0.276692562903958,0.473025084824752
"Rousettus_madagascariensis","forearm",34,0.378986266311672,0.284594031029857,0.473378501593487
"Rousettus_madagascariensis","forearm",35,0.382759193543597,0.291494817675586,0.474023569411608
"Rousettus_madagascariensis","forearm",36,0.386174602996919,0.297383476065243,0.474965729928595
"Rousettus_madagascariensis","forearm",37,0.389235976962375,0.302265728316496,0.476206225608254
"Rousettus_madagascariensis","forearm",38,0.391940808355921,0.306154256791369,0.477727359920474
"Rousettus_madagascariensis","forearm",39,0.394290263856083,0.30907767727116,0.479502850441006
"Rousettus_madagascariensis","forearm",40,0.396283814292927,0.311074734999513,0.48149289358634
"Rousettus_madagascariensis","forearm",41,0.397920718960767,0.312193763105359,0.483647674816175
"Rousettus_madagascariensis","forearm",42,0.39920338256039,0.312490882673086,0.485915882447695
"Rousettus_madagascariensis","forearm",43,0.400093492694025,0.312010347519385,0.488176637868665
"Rousettus_madagascariensis","forearm",44,0.400557696039688,0.310811861175677,0.490303530903699
"Rousettus_madagascariensis","forearm",45,0.400594990058222,0.308967084886369,0.492222895230076
"Rousettus_madagascariensis","forearm",46,0.40020532119205,0.3065408096159,0.4938698327682
"Rousettus_madagascariensis","forearm",47,0.39938858171011,0.303588874764154,0.495188288656066
"Rousettus_madagascariensis","forearm",48,0.398145568410871,0.300158494984238,0.496132641837504
"Rousettus_madagascariensis","forearm",49,0.396475321943867,0.296289748732708,0.496660895155026
"Rousettus_madagascariensis","forearm",50,0.39437828262795,0.292014705581544,0.496741859674357
"Rousettus_madagascariensis","forearm",51,0.391855113961077,0.287359518022373,0.496350709899781
"Rousettus_madagascariensis","forearm",52,0.388901594033899,0.282358347501536,0.495444840566263
"Rousettus_madagascariensis","forearm",53,0.3855177869673,0.277061751965217,0.493973821969384
"Rousettus_madagascariensis","forearm",54,0.381705330608721,0.271504870485522,0.49190579073192
"Rousettus_madagascariensis","forearm",55,0.377465284237584,0.265704238322477,0.489226330152691
"Rousettus_madagascariensis","forearm",56,0.372795998337228,0.259669503830106,0.48592249284435
"Rousettus_madagascariensis","forearm",57,0.367696970401031,0.253407916879028,0.481986023923034
"Rousettus_madagascariensis","forearm",58,0.362170974173418,0.246922900340284,0.477419048006552
"Rousettus_madagascariensis","forearm",59,0.356215755284751,0.240212719650668,0.472218790918833
"Rousettus_madagascariensis","forearm",60,0.349830427737548,0.233273571963756,0.466387283511341
"Rousettus_madagascariensis","forearm",61,0.343018429182203,0.226098247432519,0.459938610931887
"Rousettus_madagascariensis","forearm",62,0.335776936834734,0.218674942603363,0.452878931066105
"Rousettus_madagascariensis","forearm",63,0.32810671435746,0.210988134049142,0.445225294665777
"Rousettus_madagascariensis","forearm",64,0.320007999446133,0.203020819760852,0.436995179131414
"Rousettus_madagascariensis","forearm",65,0.311481096961784,0.194748781378339,0.42821341254523
"Rousettus_madagascariensis","forearm",66,0.302524358945967,0.186145135941135,0.418903581950798
"Rousettus_madagascariensis","forearm",67,0.293139936073363,0.177178537578462,0.409101334568263
"Rousettus_madagascariensis","forearm",68,0.283326035495929,0.167811205811431,0.398840865180427
"Rousettus_madagascariensis","forearm",69,0.273084376201749,0.158003666130806,0.388165086272692
"Rousettus_madagascariensis","forearm",70,0.262480246638675,0.147758965167351,0.37720152811
"Rousettus_madagascariensis","forearm",71,0.251652269541852,0.137148602363366,0.366155936720339
"Rousettus_madagascariensis","forearm",72,0.240668504920475,0.126204749975919,0.355132259865031
"Rousettus_madagascariensis","forearm",73,0.229529845557509,0.114909352298073,0.344150338816945
"Rousettus_madagascariensis","forearm",74,0.218237317214312,0.103245995663859,0.333228638764766
"Rousettus_madagascariensis","forearm",75,0.206868623700168,0.0912669625073012,0.322470284893035
"Rousettus_madagascariensis","forearm",76,0.195581495383207,0.0791212339454086,0.312041756821004
"Rousettus_madagascariensis","forearm",77,0.184456308530294,0.0669067509890015,0.302005866071587
"Rousettus_madagascariensis","forearm",78,0.173492360099345,0.0546523188592952,0.292332401339395
"Rousettus_madagascariensis","forearm",79,0.162690652079916,0.042387233294364,0.282994070865469
"Rousettus_madagascariensis","forearm",80,0.152050743370845,0.0301372142903368,0.273964272451353
"Rousettus_madagascariensis","forearm",81,0.141572844119582,0.0179269149770012,0.265218773262163
"Rousettus_madagascariensis","forearm",82,0.131256319909472,0.00577877312303721,0.256733866695907
"Rousettus_madagascariensis","forearm",83,0.121101751611954,-0.00628617437135683,0.248489677595265
"Rousettus_madagascariensis","forearm",84,0.11110970132263,-0.0182474925762099,0.24046689522147
"Rousettus_madagascariensis","forearm",85,0.10127897636955,-0.0300899700352304,0.232647922774331
"Rousettus_madagascariensis","forearm",86,0.0916101699843266,-0.0417976128788472,0.2250179528475
"Rousettus_madagascariensis","forearm",87,0.0821027702901985,-0.0533579144498376,0.217563455030235
"Rousettus_madagascariensis","forearm",88,0.0727575873425487,-0.0647572818631554,0.210272456548253
"Rousettus_madagascariensis","forearm",89,0.063574027122696,-0.0759866315437848,0.203134685789177
"Rousettus_madagascariensis","forearm",90,0.0545524308229943,-0.0870364647426025,0.196141326388591
"Rousettus_madagascariensis","forearm",91,0.0457684381253052,-0.0977997909550591,0.18933666720567
"Rousettus_madagascariensis","forearm",92,0.0372976110843732,-0.108162631656204,0.182757853824951
"Rousettus_madagascariensis","forearm",93,0.0291392504679423,-0.118109832262555,0.176388333198439
"Rousettus_madagascariensis","forearm",94,0.0212947973387234,-0.127623766482816,0.170213361160263
"Rousettus_madagascariensis","forearm",95,0.0137633856175772,-0.136693528167809,0.164220299402963
"Rousettus_madagascariensis","forearm",96,0.00654478605432054,-0.145307845566858,0.158397417675499
"Rousettus_madagascariensis","forearm",97,-0.000360449865362572,-0.153456486010821,0.152735586280096
"Rousettus_madagascariensis","forearm",98,-0.00695295736804463,-0.161132359648463,0.147226444912374
"Rousettus_madagascariensis","forearm",99,-0.0132317090277732,-0.168326492699611,0.141863074644065
"Rousettus_madagascariensis","forearm",100,-0.0191978834079027,-0.175035226719599,0.136639459903794
"Rousettus_madagascariensis","tibia",1,0.0449546176923869,-0.075717796077876,0.16562703146265
"Rousettus_madagascariensis","tibia",2,0.0449956733742376,-0.075635458392523,0.165626805140998
"Rousettus_madagascariensis","tibia",3,0.0451540814959268,-0.0753167585402812,0.165624921532135
"Rousettus_madagascariensis","tibia",4,0.0454680543642335,-0.0746851573387505,0.165621266067218
"Rousettus_madagascariensis","tibia",5,0.0459360866309548,-0.0737437904374925,0.165615963699402
"Rousettus_madagascariensis","tibia",6,0.0465598376702149,-0.0724894274550573,0.165609102795487
"Rousettus_madagascariensis","tibia",7,0.0473375975510768,-0.0709263288784089,0.165601523980563
"Rousettus_madagascariensis","tibia",8,0.0482702631795122,-0.0690533380779491,0.165593864436974
"Rousettus_madagascariensis","tibia",9,0.0493571701747643,-0.0668724624121629,0.165586802761692
"Rousettus_madagascariensis","tibia",10,0.0506103521281371,-0.0643575830156397,0.165578287271914
"Rousettus_madagascariensis","tibia",11,0.0520446891021366,-0.0614718792038017,0.165561257408075
"Rousettus_madagascariensis","tibia",12,0.0536666882471575,-0.0581999673617437,0.165533343856059
"Rousettus_madagascariensis","tibia",13,0.055477957749768,-0.0545414820762735,0.165497397575809
"Rousettus_madagascariensis","tibia",14,0.0574778127703698,-0.0505001984906762,0.165455824031416
"Rousettus_madagascariensis","tibia",15,0.0596661552120937,-0.0460793217449261,0.165411632169113
"Rousettus_madagascariensis","tibia",16,0.0620434870657089,-0.0412815154880389,0.165368489619457
"Rousettus_madagascariensis","tibia",17,0.0646085305130208,-0.0361135542227898,0.165330615248832
"Rousettus_madagascariensis","tibia",18,0.0673621126994383,-0.0305797720083032,0.16530399740718
"Rousettus_madagascariensis","tibia",19,0.0703048165249409,-0.0246854790679008,0.165295112117783
"Rousettus_madagascariensis","tibia",20,0.0734360002435226,-0.0184405531901893,0.165312553677235
"Rousettus_madagascariensis","tibia",21,0.0767557478726847,-0.0118541167223385,0.165365612467708
"Rousettus_madagascariensis","tibia",22,0.0802640335577339,-0.00493931134222796,0.165467378457696
"Rousettus_madagascariensis","tibia",23,0.0839602516320688,0.00228768263726652,0.165632820626871
"Rousettus_madagascariensis","tibia",24,0.0878192286227607,0.00976629859755634,0.165872158647965
"Rousettus_madagascariensis","tibia",25,0.0917864821677057,0.0173867517395804,0.166186212595831
"Rousettus_madagascariensis","tibia",26,0.0958338977814928,0.0250808515482167,0.166586944014769
"Rousettus_madagascariensis","tibia",27,0.0999313743235538,0.0327735720123055,0.167089176634802
"Rousettus_madagascariensis","tibia",28,0.104049119080393,0.0403895262012048,0.167708711959581
"Rousettus_madagascariensis","tibia",29,0.108155399003742,0.0478470498101075,0.168463748197377
"Rousettus_madagascariensis","tibia",30,0.11218585784139,0.0550172105100782,0.169354505172702
"Rousettus_madagascariensis","tibia",31,0.11607673617213,0.0617792589784546,0.170374213365805
"Rousettus_madagascariensis","tibia",32,0.119795660972175,0.0680689326415329,0.171522389302818
"Rousettus_madagascariensis","tibia",33,0.123342416811934,0.07387012561989,0.172814708003977
"Rousettus_madagascariensis","tibia",34,0.12671628660591,0.0791700449885478,0.174262528223273
"Rousettus_madagascariensis","tibia",35,0.129918555088155,0.083960034695154,0.175877075481156
"Rousettus_madagascariensis","tibia",36,0.132947562933982,0.0882340522294853,0.177661073638479
"Rousettus_madagascariensis","tibia",37,0.135805368696453,0.0919956407099004,0.179615096683005
"Rousettus_madagascariensis","tibia",38,0.138490570299933,0.0952519853977045,0.181729155202161
"Rousettus_madagascariensis","tibia",39,0.141003593441871,0.0980187723262325,0.18398841455751
"Rousettus_madagascariensis","tibia",40,0.143344468450018,0.100317617652592,0.186371319247444
"Rousettus_madagascariensis","tibia",41,0.145512496101069,0.102174582671686,0.188850409530452
"Rousettus_madagascariensis","tibia",42,0.147509159786118,0.103620205339008,0.191398114233228
"Rousettus_madagascariensis","tibia",43,0.149309702334407,0.104673799723158,0.193945604945655
"Rousettus_madagascariensis","tibia",44,0.150891992242982,0.105362369203492,0.196421615282472
"Rousettus_madagascariensis","tibia",45,0.152255740640533,0.105723654462973,0.198787826818094
"Rousettus_madagascariensis","tibia",46,0.153400570469193,0.105791034419938,0.201010106518449
"Rousettus_madagascariensis","tibia",47,0.154326453242517,0.105593404237378,0.203059502247657
"Rousettus_madagascariensis","tibia",48,0.155034257166174,0.10515547818852,0.204913036143829
"Rousettus_madagascariensis","tibia",49,0.155522862505153,0.104497158644443,0.206548566365863
"Rousettus_madagascariensis","tibia",50,0.155792860856566,0.103635103983091,0.207950617730042
"Rousettus_madagascariensis","tibia",51,0.155844577763063,0.102582529037046,0.20910662648908
"Rousettus_madagascariensis","tibia",52,0.155671806607633,0.101352728448903,0.209990884766363
"Rousettus_madagascariensis","tibia",53,0.155266396829884,0.0999631967825849,0.210569596877183
"Rousettus_madagascariensis","tibia",54,0.154625299534114,0.0984277686098981,0.21082283045833
"Rousettus_madagascariensis","tibia",55,0.153749276299039,0.0967548367064445,0.210743715891634
"Rousettus_madagascariensis","tibia",56,0.152637331199623,0.0949489540319989,0.210325708367247
"Rousettus_madagascariensis","tibia",57,0.15128919964554,0.0930135735230569,0.209564825768023
"Rousettus_madagascariensis","tibia",58,0.149706441320744,0.0909503324361994,0.208462550205289
"Rousettus_madagascariensis","tibia",59,0.147887835030679,0.0887580563834638,0.207017613677895
"Rousettus_madagascariensis","tibia",60,0.145832653835351,0.0864342890138102,0.205231018656892
"Rousettus_madagascariensis","tibia",61,0.143543168156178,0.0839755784049617,0.203110757907394
"Rousettus_madagascariensis","tibia",62,0.141017476031298,0.0813751815559979,0.200659770506598
"Rousettus_madagascariensis","tibia",63,0.138256214549713,0.0786251009362013,0.197887328163225
"Rousettus_madagascariensis","tibia",64,0.135259419548319,0.0757162128626364,0.194802626234001
"Rousettus_madagascariensis","tibia",65,0.132027283209081,0.0726357895213733,0.191418776896789
"Rousettus_madagascariensis","tibia",66,0.128558905061873,0.0693695850143441,0.187748225109401
"Rousettus_madagascariensis","tibia",67,0.124855591262742,0.0659012544784159,0.183809928047068
"Rousettus_madagascariensis","tibia",68,0.12091609530926,0.062210564977885,0.179621625640635
"Rousettus_madagascariensis","tibia",69,0.11674146761426,0.0582768136032431,0.175206121625277
"Rousettus_madagascariensis","tibia",70,0.112364634403084,0.0541002002889386,0.170629068517229
"Rousettus_madagascariensis","tibia",71,0.107855699810741,0.049715573921785,0.165995825699697
"Rousettus_madagascariensis","tibia",72,0.103249079009359,0.045138431971463,0.161359726047254
"Rousettus_madagascariensis","tibia",73,0.0985453317272182,0.0403592864258935,0.156731377028543
"Rousettus_madagascariensis","tibia",74,0.0937449984129943,0.0353694429243442,0.152120553901644
"Rousettus_madagascariensis","tibia",75,0.0888882408448372,0.0301958918292411,0.147580589860433
"Rousettus_madagascariensis","tibia",76,0.0840566680004796,0.0249160312370676,0.143197304763892
"Rousettus_madagascariensis","tibia",77,0.0792918071663035,0.0195808957934069,0.1390027185392
"Rousettus_madagascariensis","tibia",78,0.074593462309979,0.0142058824825613,0.134981042137397
"Rousettus_madagascariensis","tibia",79,0.0699621254984823,0.00880645326268763,0.131117797734277
"Rousettus_madagascariensis","tibia",80,0.0653973896474595,0.00339604384510941,0.12739873544981
"Rousettus_madagascariensis","tibia",81,0.0608995649487584,-0.00201208157803279,0.12381121147555
"Rousettus_madagascariensis","tibia",82,0.0564682628237627,-0.00740611696894509,0.120342642616471
"Rousettus_madagascariensis","tibia",83,0.0521037661828594,-0.0127749496709453,0.116982482036664
"Rousettus_madagascariensis","tibia",84,0.0478064166043084,-0.0181077452869085,0.113720578495525
"Rousettus_madagascariensis","tibia",85,0.0435755522158789,-0.0233965021533803,0.110547606585138
"Rousettus_madagascariensis","tibia",86,0.0394113728372966,-0.0286328995264733,0.107455645201066
"Rousettus_madagascariensis","tibia",87,0.0353137983706636,-0.0338101413266505,0.104437738067978
"Rousettus_madagascariensis","tibia",88,0.0312832624567252,-0.0389210575838711,0.101487582497322
"Rousettus_madagascariensis","tibia",89,0.0273193732298871,-0.0439609463520414,0.0985996928118156
"Rousettus_madagascariensis","tibia",90,0.0234221710566066,-0.0489249503200782,0.0957692924332913
"Rousettus_madagascariensis","tibia",91,0.019632407197703,-0.0537556549726464,0.0930204693680524
"Rousettus_madagascariensis","tibia",92,0.015990766831513,-0.0583921072042586,0.0903736408672847
"Rousettus_madagascariensis","tibia",93,0.0124965861584122,-0.0628267875659373,0.0878199598827617
"Rousettus_madagascariensis","tibia",94,0.00915086857035764,-0.0670503110710632,0.0853520482117784
"Rousettus_madagascariensis","tibia",95,0.00595299052380813,-0.0710572439755435,0.0829632250231598
"Rousettus_madagascariensis","tibia",96,0.00290289508121148,-0.0748417129613477,0.0806475031237706
"Rousettus_madagascariensis","tibia",97,8.81967213053891e-07,-0.0783984331777928,0.0784001971122189
"Rousettus_madagascariensis","tibia",98,-0.00275341338658584,-0.0817238030916421,0.0762169763184704
"Rousettus_madagascariensis","tibia",99,-0.00535936506274621,-0.0848130988508496,0.0740943687253571
"Rousettus_madagascariensis","tibia",100,-0.00781776637332047,-0.0876646495862439,0.0720291168396029
"Rousettus_madagascariensis","ear_length",1,0.0331668344167624,-0.0233111887650156,0.0896448575985403
"Rousettus_madagascariensis","ear_length",2,0.0331764702997022,-0.0232833044141207,0.089636245013525
"Rousettus_madagascariensis","ear_length",3,0.0332133359483736,-0.0231755348107626,0.0896022067075097
"Rousettus_madagascariensis","ear_length",4,0.0332862835626875,-0.022962083052055,0.0895346501774301
"Rousettus_madagascariensis","ear_length",5,0.0333949726601871,-0.0226440304717252,0.0894339757920994
"Rousettus_madagascariensis","ear_length",6,0.0335398226223267,-0.0222202619581772,0.0892999072028306
"Rousettus_madagascariensis","ear_length",7,0.0337204133971291,-0.0216923614163558,0.0891331882106139
"Rousettus_madagascariensis","ear_length",8,0.033937033298444,-0.0210599584562102,0.0889340250530983
"Rousettus_madagascariensis","ear_length",9,0.0341894122528522,-0.0203239574108628,0.0887027819165672
"Rousettus_madagascariensis","ear_length",10,0.0344796121785143,-0.0194759898845913,0.0884352142416198
"Rousettus_madagascariensis","ear_length",11,0.0348099950424087,-0.0185037289481787,0.088123719032996
"Rousettus_madagascariensis","ear_length",12,0.0351816637229424,-0.0174020714525336,0.0877653988984184
"Rousettus_madagascariensis","ear_length",13,0.0355945350548983,-0.0161717850813488,0.0873608551911455
"Rousettus_madagascariensis","ear_length",14,0.0360486776550085,-0.0148142807703762,0.0869116360803932
"Rousettus_madagascariensis","ear_length",15,0.0365440544604699,-0.0133311044340307,0.0864192133549704
"Rousettus_madagascariensis","ear_length",16,0.0370806723873832,-0.011723805936052,0.0858851507108184
"Rousettus_madagascariensis","ear_length",17,0.0376583129265611,-0.00999519414485017,0.0853118199979723
"Rousettus_madagascariensis","ear_length",18,0.0382771964043307,-0.00814755054049305,0.0847019433491544
"Rousettus_madagascariensis","ear_length",19,0.038937368093275,-0.00618364324482131,0.0840583794313713
"Rousettus_madagascariensis","ear_length",20,0.0396388205466137,-0.0041078073810531,0.0833854484742806
"Rousettus_madagascariensis","ear_length",21,0.040381419107824,-0.00192445221977951,0.0826872904354275
"Rousettus_madagascariensis","ear_length",22,0.0411653155394507,0.000360526919257788,0.0819701041596436
"Rousettus_madagascariensis","ear_length",23,0.0419902788578176,0.00273984356284023,0.081240714152795
"Rousettus_madagascariensis","ear_length",24,0.0428491991268424,0.00519092452458413,0.0805074737291006
"Rousettus_madagascariensis","ear_length",25,0.0437272384523937,0.00767515722174448,0.0797793196830429
"Rousettus_madagascariensis","ear_length",26,0.0446166155036675,0.0101675955637666,0.0790656354435684
"Rousettus_madagascariensis","ear_length",27,0.0455091668111245,0.0126410064758727,0.0783773271463762
"Rousettus_madagascariensis","ear_length",28,0.0463969685517498,0.0150684337295259,0.0777255033739738
"Rousettus_madagascariensis","ear_length",29,0.0472714301649079,0.0174207114181004,0.0771221489117154
"Rousettus_madagascariensis","ear_length",30,0.0481154175289161,0.0196542734992895,0.0765765615585427
"Rousettus_madagascariensis","ear_length",31,0.048912447551151,0.0217296304229258,0.0760952646793763
"Rousettus_madagascariensis","ear_length",32,0.0496536804410583,0.0236257561954842,0.0756816046866323
"Rousettus_madagascariensis","ear_length",33,0.0503391952748084,0.0253373304897612,0.0753410600598556
"Rousettus_madagascariensis","ear_length",34,0.050968868746168,0.0268603166301029,0.0750774208622331
"Rousettus_madagascariensis","ear_length",35,0.0515429325374482,0.0281915468349895,0.0748943182399069
"Rousettus_madagascariensis","ear_length",36,0.052061103105849,0.0293291046032823,0.0747931016084158
"Rousettus_madagascariensis","ear_length",37,0.0525236646212445,0.0302734220346238,0.0747739072078651
"Rousettus_madagascariensis","ear_length",38,0.0529303637169946,0.0310265396243879,0.0748341878096014
"Rousettus_madagascariensis","ear_length",39,0.0532815155317539,0.0315931440996491,0.0749698869638587
"Rousettus_madagascariensis","ear_length",40,0.0535768045862391,0.0319794542053021,0.0751741549671761
"Rousettus_madagascariensis","ear_length",41,0.0538162630003388,0.0321938927096072,0.0754386332910705
"Rousettus_madagascariensis","ear_length",42,0.0540002634199299,0.032246320285501,0.0757542065543588
"Rousettus_madagascariensis","ear_length",43,0.0541229997532931,0.0321464932265477,0.0760995062800386
"Rousettus_madagascariensis","ear_length",44,0.0541796079273024,0.0319080231827465,0.0764511926718583
"Rousettus_madagascariensis","ear_length",45,0.0541698930564742,0.0315457111069275,0.0767940750060209
"Rousettus_madagascariensis","ear_length",46,0.0540939615965197,0.031073371792007,0.0771145514010323
"Rousettus_madagascariensis","ear_length",47,0.05395175144468,0.0305031586362587,0.0774003442531014
"Rousettus_madagascariensis","ear_length",48,0.0537432454256011,0.0298454930773136,0.0776409977738886
"Rousettus_madagascariensis","ear_length",49,0.0534684955373449,0.0291098020237986,0.0778271890508912
"Rousettus_madagascariensis","ear_length",50,0.0531274250816346,0.0283035156699624,0.0779513344933067
"Rousettus_madagascariensis","ear_length",51,0.0527202296460415,0.0274330145665195,0.0780074447255635
"Rousettus_madagascariensis","ear_length",52,0.0522465963577029,0.0265071703368576,0.0779860223785482
"Rousettus_madagascariensis","ear_length",53,0.0517075778036786,0.0255391759404985,0.0778759796668587
"Rousettus_madagascariensis","ear_length",54,0.0511038504220646,0.0245380637414399,0.0776696371026892
"Rousettus_madagascariensis","ear_length",55,0.0504354639031673,0.023508115531295,0.0773628122750397
"Rousettus_madagascariensis","ear_length",56,0.0497022490533838,0.0224523178474503,0.0769521802593173
"Rousettus_madagascariensis","ear_length",57,0.0489041333750885,0.0213729563855533,0.0764353103646238
"Rousettus_madagascariensis","ear_length",58,0.0480415055236436,0.0202711248527928,0.0758118861944945
"Rousettus_madagascariensis","ear_length",59,0.0471139884740563,0.019147047666357,0.0750809292817556
"Rousettus_madagascariensis","ear_length",60,0.0461216028937052,0.018000573520012,0.0742426322673984
"Rousettus_madagascariensis","ear_length",61,0.0450647205941417,0.0168301538246217,0.0732992873636616
"Rousettus_madagascariensis","ear_length",62,0.0439429797334246,0.0156338376375658,0.0722521218292834
"Rousettus_madagascariensis","ear_length",63,0.0427564475775457,0.0144084889144895,0.0711044062406018
"Rousettus_madagascariensis","ear_length",64,0.041505222170686,0.0131508423510719,0.0698596019903002
"Rousettus_madagascariensis","ear_length",65,0.0401893098182133,0.0118558909864667,0.0685227286499599
"Rousettus_madagascariensis","ear_length",66,0.0388084814229096,0.0105183325375652,0.0670986303082539
"Rousettus_madagascariensis","ear_length",67,0.0373630158659148,0.00913157623062641,0.0655944555012031
"Rousettus_madagascariensis","ear_length",68,0.0358527076773154,0.00768806946573601,0.0640173458888948
"Rousettus_madagascariensis","ear_length",69,0.0342778092767773,0.00617968147160373,0.0623759370819508
"Rousettus_madagascariensis","ear_length",70,0.0326489698683624,0.00460413367068419,0.0606938060660406
"Rousettus_madagascariensis","ear_length",71,0.0309889563444076,0.00297018942309796,0.0590077232657172
"Rousettus_madagascariensis","ear_length",72,0.0293090002663981,0.00128172005954966,0.0573362804732466
"Rousettus_madagascariensis","ear_length",73,0.0276091028035474,-0.000465052745723445,0.0556832583528183
"Rousettus_madagascariensis","ear_length",74,0.0258894444222327,-0.0022734382793865,0.0540523271238519
"Rousettus_madagascariensis","ear_length",75,0.0241626443380784,-0.00413642581119248,0.0524617144873493
"Rousettus_madagascariensis","ear_length",76,0.0224542122145976,-0.00603098853560022,0.0509394129647954
"Rousettus_madagascariensis","ear_length",77,0.0207770460812547,-0.00794102538101545,0.0494951175435248
"Rousettus_madagascariensis","ear_length",78,0.0191311196564299,-0.00986052647355297,0.0481227657864127
"Rousettus_madagascariensis","ear_length",79,0.0175165403884247,-0.0117836312401429,0.0468167120169923
"Rousettus_madagascariensis","ear_length",80,0.0159333652553345,-0.0137049643003788,0.0455716948110478
"Rousettus_madagascariensis","ear_length",81,0.0143814098912588,-0.0156197871367102,0.0443826069192278
"Rousettus_madagascariensis","ear_length",82,0.0128607965274565,-0.0175232695198164,0.0432448625747294
"Rousettus_madagascariensis","ear_length",83,0.0113714535771553,-0.0194113490526175,0.042154256206928
"Rousettus_madagascariensis","ear_length",84,0.00991353052266024,-0.0212798126190236,0.0411068736643441
"Rousettus_madagascariensis","ear_length",85,0.00848684330540363,-0.0231254959113138,0.0400991825221211
"Rousettus_madagascariensis","ear_length",86,0.00709153522222619,-0.0249450919139629,0.0391281623584153
"Rousettus_madagascariensis","ear_length",87,0.00572747769984802,-0.0267360816285991,0.0381910370282951
"Rousettus_madagascariensis","ear_length",88,0.00439465553713609,-0.0284958558604685,0.0372851669347407
"Rousettus_madagascariensis","ear_length",89,0.00309315202507818,-0.0302223306084573,0.0364086346586136
"Rousettus_madagascariensis","ear_length",90,0.00182309330348672,-0.0319134844158377,0.0355596710228111
"Rousettus_madagascariensis","ear_length",91,0.000595942119612768,-0.033551716326538,0.0347436005657635
"Rousettus_madagascariensis","ear_length",92,-0.000576641617927061,-0.0351175598188259,0.0339642765829718
"Rousettus_madagascariensis","ear_length",93,-0.001694641894357,-0.0366074308400864,0.0332181470513724
"Rousettus_madagascariensis","ear_length",94,-0.00275797482627252,-0.0380176604439847,0.0325017107914396
"Rousettus_madagascariensis","ear_length",95,-0.00376666798764583,-0.0393455905452034,0.0318122545699117
"Rousettus_madagascariensis","ear_length",96,-0.00472081765267494,-0.0405887201259603,0.0311470848206104
"Rousettus_madagascariensis","ear_length",97,-0.00562031262790106,-0.0417447380473777,0.0305041127915756
"Rousettus_madagascariensis","ear_length",98,-0.00646522790216919,-0.0428119409864468,0.0298814851821085
"Rousettus_madagascariensis","ear_length",99,-0.00725552752748947,-0.0437885001360628,0.0292774450810838
"Rousettus_madagascariensis","ear_length",100,-0.00799124403367504,-0.0446732966988933,0.0286908086315432
"Rousettus_madagascariensis","forearm",1,0.263382761149983,0.0270061028524448,0.499759419447521
"Rousettus_madagascariensis","forearm",2,0.263444727643236,0.0271481824006414,0.49974127288583
"Rousettus_madagascariensis","forearm",3,0.263682787547422,0.0276973459332044,0.49966822916164
"Rousettus_madagascariensis","forearm",4,0.264154753078819,0.0287857871994178,0.49952371895822
"Rousettus_madagascariensis","forearm",5,0.264857788746421,0.0304074907206614,0.499308086772181
"Rousettus_madagascariensis","forearm",6,0.265794560491893,0.0325681760136273,0.499020944970159
"Rousettus_madagascariensis","forearm",7,0.266962565941414,0.0352603644137128,0.498664767469115
"Rousettus_madagascariensis","forearm",8,0.26836344766016,0.0384861821071722,0.498240713213149
"Rousettus_madagascariensis","forearm",9,0.269995297835275,0.0422410841116807,0.497749511558869
"Rousettus_madagascariensis","forearm",10,0.271873261548281,0.0465676167322931,0.497178906364268
"Rousettus_madagascariensis","forearm",11,0.274011552225474,0.0515227838522002,0.496500320598748
"Rousettus_madagascariensis","forearm",12,0.276416503019157,0.0571302143630728,0.495702791675242
"Rousettus_madagascariensis","forearm",13,0.27909014804351,0.0633894313395544,0.494790864747465
"Rousettus_madagascariensis","forearm",14,0.282031719565491,0.0702935956228204,0.493769843508162
"Rousettus_madagascariensis","forearm",15,0.285240785239689,0.0778361528081894,0.492645417671188
"Rousettus_madagascariensis","forearm",16,0.2887178097198,0.0860113165638402,0.49142430287576
"Rousettus_madagascariensis","forearm",17,0.29246144278661,0.0948069659529385,0.490115919620281
"Rousettus_madagascariensis","forearm",18,0.296472685606666,0.104213931142098,0.488731440071234
"Rousettus_madagascariensis","forearm",19,0.300752379212601,0.114221477349721,0.48728328107548
"Rousettus_madagascariensis","forearm",20,0.305299926160468,0.124810915907716,0.48578893641322
"Rousettus_madagascariensis","forearm",21,0.31011479112527,0.135963711536456,0.484265870714085
"Rousettus_madagascariensis","forearm",22,0.315197637887271,0.147654908519253,0.482740367255288
"Rousettus_madagascariensis","forearm",23,0.320546992094707,0.159852702529198,0.481241281660216
"Rousettus_madagascariensis","forearm",24,0.326118173312976,0.172443882537995,0.479792464087957
"Rousettus_madagascariensis","forearm",25,0.331815033981876,0.185225495999596,0.478404571964155
"Rousettus_madagascariensis","forearm",26,0.337588351745336,0.198070980661517,0.477105722829155
"Rousettus_madagascariensis","forearm",27,0.343385759357019,0.2108413944632,0.475930124250837
"Rousettus_madagascariensis","forearm",28,0.349155618796136,0.223397488263639,0.474913749328633
"Rousettus_madagascariensis","forearm",29,0.354843364225851,0.235588951924676,0.474097776527025
"Rousettus_madagascariensis","forearm",30,0.360338928129351,0.247182011306255,0.473495844952447
"Rousettus_madagascariensis","forearm",31,0.365534326398721,0.257959743298545,0.473108909498897
"Rousettus_madagascariensis","forearm",32,0.370374237881555,0.267806403348482,0.472942072414628
"Rousettus_madagascariensis","forearm",33,0.374858823864355,0.276692562903958,0.473025084824752
"Rousettus_madagascariensis","forearm",34,0.378986266311672,0.284594031029857,0.473378501593487
"Rousettus_madagascariensis","forearm",35,0.382759193543597,0.291494817675586,0.474023569411608
"Rousettus_madagascariensis","forearm",36,0.386174602996919,0.297383476065243,0.474965729928595
"Rousettus_madagascariensis","forearm",37,0.389235976962375,0.302265728316496,0.476206225608254
"Rousettus_madagascariensis","forearm",38,0.391940808355921,0.306154256791369,0.477727359920474
"Rousettus_madagascariensis","forearm",39,0.394290263856083,0.30907767727116,0.479502850441006
"Rousettus_madagascariensis","forearm",40,0.396283814292927,0.311074734999513,0.48149289358634
"Rousettus_madagascariensis","forearm",41,0.397920718960767,0.312193763105359,0.483647674816175
"Rousettus_madagascariensis","forearm",42,0.39920338256039,0.312490882673086,0.485915882447695
"Rousettus_madagascariensis","forearm",43,0.400093492694025,0.312010347519385,0.488176637868665
"Rousettus_madagascariensis","forearm",44,0.400557696039688,0.310811861175677,0.490303530903699
"Rousettus_madagascariensis","forearm",45,0.400594990058222,0.308967084886369,0.492222895230076
"Rousettus_madagascariensis","forearm",46,0.40020532119205,0.3065408096159,0.4938698327682
"Rousettus_madagascariensis","forearm",47,0.39938858171011,0.303588874764154,0.495188288656066
"Rousettus_madagascariensis","forearm",48,0.398145568410871,0.300158494984238,0.496132641837504
"Rousettus_madagascariensis","forearm",49,0.396475321943867,0.296289748732708,0.496660895155026
"Rousettus_madagascariensis","forearm",50,0.39437828262795,0.292014705581544,0.496741859674357
"Rousettus_madagascariensis","forearm",51,0.391855113961077,0.287359518022373,0.496350709899781
"Rousettus_madagascariensis","forearm",52,0.388901594033899,0.282358347501536,0.495444840566263
"Rousettus_madagascariensis","forearm",53,0.3855177869673,0.277061751965217,0.493973821969384
"Rousettus_madagascariensis","forearm",54,0.381705330608721,0.271504870485522,0.49190579073192
"Rousettus_madagascariensis","forearm",55,0.377465284237584,0.265704238322477,0.489226330152691
"Rousettus_madagascariensis","forearm",56,0.372795998337228,0.259669503830106,0.48592249284435
"Rousettus_madagascariensis","forearm",57,0.367696970401031,0.253407916879028,0.481986023923034
"Rousettus_madagascariensis","forearm",58,0.362170974173418,0.246922900340284,0.477419048006552
"Rousettus_madagascariensis","forearm",59,0.356215755284751,0.240212719650668,0.472218790918833
"Rousettus_madagascariensis","forearm",60,0.349830427737548,0.233273571963756,0.466387283511341
"Rousettus_madagascariensis","forearm",61,0.343018429182203,0.226098247432519,0.459938610931887
"Rousettus_madagascariensis","forearm",62,0.335776936834734,0.218674942603363,0.452878931066105
"Rousettus_madagascariensis","forearm",63,0.32810671435746,0.210988134049142,0.445225294665777
"Rousettus_madagascariensis","forearm",64,0.320007999446133,0.203020819760852,0.436995179131414
"Rousettus_madagascariensis","forearm",65,0.311481096961784,0.194748781378339,0.42821341254523
"Rousettus_madagascariensis","forearm",66,0.302524358945967,0.186145135941135,0.418903581950798
"Rousettus_madagascariensis","forearm",67,0.293139936073363,0.177178537578462,0.409101334568263
"Rousettus_madagascariensis","forearm",68,0.283326035495929,0.167811205811431,0.398840865180427
"Rousettus_madagascariensis","forearm",69,0.273084376201749,0.158003666130806,0.388165086272692
"Rousettus_madagascariensis","forearm",70,0.262480246638675,0.147758965167351,0.37720152811
"Rousettus_madagascariensis","forearm",71,0.251652269541852,0.137148602363366,0.366155936720339
"Rousettus_madagascariensis","forearm",72,0.240668504920475,0.126204749975919,0.355132259865031
"Rousettus_madagascariensis","forearm",73,0.229529845557509,0.114909352298073,0.344150338816945
"Rousettus_madagascariensis","forearm",74,0.218237317214312,0.103245995663859,0.333228638764766
"Rousettus_madagascariensis","forearm",75,0.206868623700168,0.0912669625073012,0.322470284893035
"Rousettus_madagascariensis","forearm",76,0.195581495383207,0.0791212339454086,0.312041756821004
"Rousettus_madagascariensis","forearm",77,0.184456308530294,0.0669067509890015,0.302005866071587
"Rousettus_madagascariensis","forearm",78,0.173492360099345,0.0546523188592952,0.292332401339395
"Rousettus_madagascariensis","forearm",79,0.162690652079916,0.042387233294364,0.282994070865469
"Rousettus_madagascariensis","forearm",80,0.152050743370845,0.0301372142903368,0.273964272451353
"Rousettus_madagascariensis","forearm",81,0.141572844119582,0.0179269149770012,0.265218773262163
"Rousettus_madagascariensis","forearm",82,0.131256319909472,0.00577877312303721,0.256733866695907
"Rousettus_madagascariensis","forearm",83,0.121101751611954,-0.00628617437135683,0.248489677595265
"Rousettus_madagascariensis","forearm",84,0.11110970132263,-0.0182474925762099,0.24046689522147
"Rousettus_madagascariensis","forearm",85,0.10127897636955,-0.0300899700352304,0.232647922774331
"Rousettus_madagascariensis","forearm",86,0.0916101699843266,-0.0417976128788472,0.2250179528475
"Rousettus_madagascariensis","forearm",87,0.0821027702901985,-0.0533579144498376,0.217563455030235
"Rousettus_madagascariensis","forearm",88,0.0727575873425487,-0.0647572818631554,0.210272456548253
"Rousettus_madagascariensis","forearm",89,0.063574027122696,-0.0759866315437848,0.203134685789177
"Rousettus_madagascariensis","forearm",90,0.0545524308229943,-0.0870364647426025,0.196141326388591
"Rousettus_madagascariensis","forearm",91,0.0457684381253052,-0.0977997909550591,0.18933666720567
"Rousettus_madagascariensis","forearm",92,0.0372976110843732,-0.108162631656204,0.182757853824951
"Rousettus_madagascariensis","forearm",93,0.0291392504679423,-0.118109832262555,0.176388333198439
"Rousettus_madagascariensis","forearm",94,0.0212947973387234,-0.127623766482816,0.170213361160263
"Rousettus_madagascariensis","forearm",95,0.0137633856175772,-0.136693528167809,0.164220299402963
"Rousettus_madagascariensis","forearm",96,0.00654478605432054,-0.145307845566858,0.158397417675499
"Rousettus_madagascariensis","forearm",97,-0.000360449865362572,-0.153456486010821,0.152735586280096
"Rousettus_madagascariensis","forearm",98,-0.00695295736804463,-0.161132359648463,0.147226444912374
"Rousettus_madagascariensis","forearm",99,-0.0132317090277732,-0.168326492699611,0.141863074644065
"Rousettus_madagascariensis","forearm",100,-0.0191978834079027,-0.175035226719599,0.136639459903794
"Rousettus_madagascariensis","tibia",1,0.0449546176923869,-0.075717796077876,0.16562703146265
"Rousettus_madagascariensis","tibia",2,0.0449956733742376,-0.075635458392523,0.165626805140998
"Rousettus_madagascariensis","tibia",3,0.0451540814959268,-0.0753167585402812,0.165624921532135
"Rousettus_madagascariensis","tibia",4,0.0454680543642335,-0.0746851573387505,0.165621266067218
"Rousettus_madagascariensis","tibia",5,0.0459360866309548,-0.0737437904374925,0.165615963699402
"Rousettus_madagascariensis","tibia",6,0.0465598376702149,-0.0724894274550573,0.165609102795487
"Rousettus_madagascariensis","tibia",7,0.0473375975510768,-0.0709263288784089,0.165601523980563
"Rousettus_madagascariensis","tibia",8,0.0482702631795122,-0.0690533380779491,0.165593864436974
"Rousettus_madagascariensis","tibia",9,0.0493571701747643,-0.0668724624121629,0.165586802761692
"Rousettus_madagascariensis","tibia",10,0.0506103521281371,-0.0643575830156397,0.165578287271914
"Rousettus_madagascariensis","tibia",11,0.0520446891021366,-0.0614718792038017,0.165561257408075
"Rousettus_madagascariensis","tibia",12,0.0536666882471575,-0.0581999673617437,0.165533343856059
"Rousettus_madagascariensis","tibia",13,0.055477957749768,-0.0545414820762735,0.165497397575809
"Rousettus_madagascariensis","tibia",14,0.0574778127703698,-0.0505001984906762,0.165455824031416
"Rousettus_madagascariensis","tibia",15,0.0596661552120937,-0.0460793217449261,0.165411632169113
"Rousettus_madagascariensis","tibia",16,0.0620434870657089,-0.0412815154880389,0.165368489619457
"Rousettus_madagascariensis","tibia",17,0.0646085305130208,-0.0361135542227898,0.165330615248832
"Rousettus_madagascariensis","tibia",18,0.0673621126994383,-0.0305797720083032,0.16530399740718
"Rousettus_madagascariensis","tibia",19,0.0703048165249409,-0.0246854790679008,0.165295112117783
"Rousettus_madagascariensis","tibia",20,0.0734360002435226,-0.0184405531901893,0.165312553677235
"Rousettus_madagascariensis","tibia",21,0.0767557478726847,-0.0118541167223385,0.165365612467708
"Rousettus_madagascariensis","tibia",22,0.0802640335577339,-0.00493931134222796,0.165467378457696
"Rousettus_madagascariensis","tibia",23,0.0839602516320688,0.00228768263726652,0.165632820626871
"Rousettus_madagascariensis","tibia",24,0.0878192286227607,0.00976629859755634,0.165872158647965
"Rousettus_madagascariensis","tibia",25,0.0917864821677057,0.0173867517395804,0.166186212595831
"Rousettus_madagascariensis","tibia",26,0.0958338977814928,0.0250808515482167,0.166586944014769
"Rousettus_madagascariensis","tibia",27,0.0999313743235538,0.0327735720123055,0.167089176634802
"Rousettus_madagascariensis","tibia",28,0.104049119080393,0.0403895262012048,0.167708711959581
"Rousettus_madagascariensis","tibia",29,0.108155399003742,0.0478470498101075,0.168463748197377
"Rousettus_madagascariensis","tibia",30,0.11218585784139,0.0550172105100782,0.169354505172702
"Rousettus_madagascariensis","tibia",31,0.11607673617213,0.0617792589784546,0.170374213365805
"Rousettus_madagascariensis","tibia",32,0.119795660972175,0.0680689326415329,0.171522389302818
"Rousettus_madagascariensis","tibia",33,0.123342416811934,0.07387012561989,0.172814708003977
"Rousettus_madagascariensis","tibia",34,0.12671628660591,0.0791700449885478,0.174262528223273
"Rousettus_madagascariensis","tibia",35,0.129918555088155,0.083960034695154,0.175877075481156
"Rousettus_madagascariensis","tibia",36,0.132947562933982,0.0882340522294853,0.177661073638479
"Rousettus_madagascariensis","tibia",37,0.135805368696453,0.0919956407099004,0.179615096683005
"Rousettus_madagascariensis","tibia",38,0.138490570299933,0.0952519853977045,0.181729155202161
"Rousettus_madagascariensis","tibia",39,0.141003593441871,0.0980187723262325,0.18398841455751
"Rousettus_madagascariensis","tibia",40,0.143344468450018,0.100317617652592,0.186371319247444
"Rousettus_madagascariensis","tibia",41,0.145512496101069,0.102174582671686,0.188850409530452
"Rousettus_madagascariensis","tibia",42,0.147509159786118,0.103620205339008,0.191398114233228
"Rousettus_madagascariensis","tibia",43,0.149309702334407,0.104673799723158,0.193945604945655
"Rousettus_madagascariensis","tibia",44,0.150891992242982,0.105362369203492,0.196421615282472
"Rousettus_madagascariensis","tibia",45,0.152255740640533,0.105723654462973,0.198787826818094
"Rousettus_madagascariensis","tibia",46,0.153400570469193,0.105791034419938,0.201010106518449
"Rousettus_madagascariensis","tibia",47,0.154326453242517,0.105593404237378,0.203059502247657
"Rousettus_madagascariensis","tibia",48,0.155034257166174,0.10515547818852,0.204913036143829
"Rousettus_madagascariensis","tibia",49,0.155522862505153,0.104497158644443,0.206548566365863
"Rousettus_madagascariensis","tibia",50,0.155792860856566,0.103635103983091,0.207950617730042
"Rousettus_madagascariensis","tibia",51,0.155844577763063,0.102582529037046,0.20910662648908
"Rousettus_madagascariensis","tibia",52,0.155671806607633,0.101352728448903,0.209990884766363
"Rousettus_madagascariensis","tibia",53,0.155266396829884,0.0999631967825849,0.210569596877183
"Rousettus_madagascariensis","tibia",54,0.154625299534114,0.0984277686098981,0.21082283045833
"Rousettus_madagascariensis","tibia",55,0.153749276299039,0.0967548367064445,0.210743715891634
"Rousettus_madagascariensis","tibia",56,0.152637331199623,0.0949489540319989,0.210325708367247
"Rousettus_madagascariensis","tibia",57,0.15128919964554,0.0930135735230569,0.209564825768023
"Rousettus_madagascariensis","tibia",58,0.149706441320744,0.0909503324361994,0.208462550205289
"Rousettus_madagascariensis","tibia",59,0.147887835030679,0.0887580563834638,0.207017613677895
"Rousettus_madagascariensis","tibia",60,0.145832653835351,0.0864342890138102,0.205231018656892
"Rousettus_madagascariensis","tibia",61,0.143543168156178,0.0839755784049617,0.203110757907394
"Rousettus_madagascariensis","tibia",62,0.141017476031298,0.0813751815559979,0.200659770506598
"Rousettus_madagascariensis","tibia",63,0.138256214549713,0.0786251009362013,0.197887328163225
"Rousettus_madagascariensis","tibia",64,0.135259419548319,0.0757162128626364,0.194802626234001
"Rousettus_madagascariensis","tibia",65,0.132027283209081,0.0726357895213733,0.191418776896789
"Rousettus_madagascariensis","tibia",66,0.128558905061873,0.0693695850143441,0.187748225109401
"Rousettus_madagascariensis","tibia",67,0.124855591262742,0.0659012544784159,0.183809928047068
"Rousettus_madagascariensis","tibia",68,0.12091609530926,0.062210564977885,0.179621625640635
"Rousettus_madagascariensis","tibia",69,0.11674146761426,0.0582768136032431,0.175206121625277
"Rousettus_madagascariensis","tibia",70,0.112364634403084,0.0541002002889386,0.170629068517229
"Rousettus_madagascariensis","tibia",71,0.107855699810741,0.049715573921785,0.165995825699697
"Rousettus_madagascariensis","tibia",72,0.103249079009359,0.045138431971463,0.161359726047254
"Rousettus_madagascariensis","tibia",73,0.0985453317272182,0.0403592864258935,0.156731377028543
"Rousettus_madagascariensis","tibia",74,0.0937449984129943,0.0353694429243442,0.152120553901644
"Rousettus_madagascariensis","tibia",75,0.0888882408448372,0.0301958918292411,0.147580589860433
"Rousettus_madagascariensis","tibia",76,0.0840566680004796,0.0249160312370676,0.143197304763892
"Rousettus_madagascariensis","tibia",77,0.0792918071663035,0.0195808957934069,0.1390027185392
"Rousettus_madagascariensis","tibia",78,0.074593462309979,0.0142058824825613,0.134981042137397
"Rousettus_madagascariensis","tibia",79,0.0699621254984823,0.00880645326268763,0.131117797734277
"Rousettus_madagascariensis","tibia",80,0.0653973896474595,0.00339604384510941,0.12739873544981
"Rousettus_madagascariensis","tibia",81,0.0608995649487584,-0.00201208157803279,0.12381121147555
"Rousettus_madagascariensis","tibia",82,0.0564682628237627,-0.00740611696894509,0.120342642616471
"Rousettus_madagascariensis","tibia",83,0.0521037661828594,-0.0127749496709453,0.116982482036664
"Rousettus_madagascariensis","tibia",84,0.0478064166043084,-0.0181077452869085,0.113720578495525
"Rousettus_madagascariensis","tibia",85,0.0435755522158789,-0.0233965021533803,0.110547606585138
"Rousettus_madagascariensis","tibia",86,0.0394113728372966,-0.0286328995264733,0.107455645201066
"Rousettus_madagascariensis","tibia",87,0.0353137983706636,-0.0338101413266505,0.104437738067978
"Rousettus_madagascariensis","tibia",88,0.0312832624567252,-0.0389210575838711,0.101487582497322
"Rousettus_madagascariensis","tibia",89,0.0273193732298871,-0.0439609463520414,0.0985996928118156
"Rousettus_madagascariensis","tibia",90,0.0234221710566066,-0.0489249503200782,0.0957692924332913
"Rousettus_madagascariensis","tibia",91,0.019632407197703,-0.0537556549726464,0.0930204693680524
"Rousettus_madagascariensis","tibia",92,0.015990766831513,-0.0583921072042586,0.0903736408672847
"Rousettus_madagascariensis","tibia",93,0.0124965861584122,-0.0628267875659373,0.0878199598827617
"Rousettus_madagascariensis","tibia",94,0.00915086857035764,-0.0670503110710632,0.0853520482117784
"Rousettus_madagascariensis","tibia",95,0.00595299052380813,-0.0710572439755435,0.0829632250231598
"Rousettus_madagascariensis","tibia",96,0.00290289508121148,-0.0748417129613477,0.0806475031237706
"Rousettus_madagascariensis","tibia",97,8.81967213053891e-07,-0.0783984331777928,0.0784001971122189
"Rousettus_madagascariensis","tibia",98,-0.00275341338658584,-0.0817238030916421,0.0762169763184704
"Rousettus_madagascariensis","tibia",99,-0.00535936506274621,-0.0848130988508496,0.0740943687253571
"Rousettus_madagascariensis","tibia",100,-0.00781776637332047,-0.0876646495862439,0.0720291168396029
"Eidolon_dupreanum","ear_length",1,0.251644761251263,0.132745953135951,0.370543569366575
"Eidolon_dupreanum","ear_length",2,0.251461834675402,0.132649603646371,0.370274065704433
"Eidolon_dupreanum","ear_length",3,0.250913087181058,0.132360557084175,0.36946561727794
"Eidolon_dupreanum","ear_length",4,0.249998501417734,0.131878723809178,0.36811827902629
"Eidolon_dupreanum","ear_length",5,0.248718094960743,0.131203992810563,0.366232197110923
"Eidolon_dupreanum","ear_length",6,0.247071855451846,0.130336171108687,0.363807539795005
"Eidolon_dupreanum","ear_length",7,0.245059779222261,0.129275019108951,0.360844539335572
"Eidolon_dupreanum","ear_length",8,0.242681874852259,0.128020240357147,0.357343509347372
"Eidolon_dupreanum","ear_length",9,0.239938130417054,0.126571448789655,0.353304812044454
"Eidolon_dupreanum","ear_length",10,0.236828568160128,0.124928207137408,0.348728929182848
"Eidolon_dupreanum","ear_length",11,0.233353170279658,0.123089954993886,0.343616385565429
"Eidolon_dupreanum","ear_length",12,0.229511931221888,0.121056032279167,0.337967830164608
"Eidolon_dupreanum","ear_length",13,0.225304873962467,0.118825669751276,0.331784078173657
"Eidolon_dupreanum","ear_length",14,0.220731972058708,0.116397922717102,0.325066021400313
"Eidolon_dupreanum","ear_length",15,0.215793251881092,0.113771696031207,0.317814807730977
"Eidolon_dupreanum","ear_length",16,0.210488684865291,0.110945637440768,0.310031732289813
"Eidolon_dupreanum","ear_length",17,0.204818297275707,0.107918171282391,0.301718423269023
"Eidolon_dupreanum","ear_length",18,0.19878206644091,0.104687357225548,0.292876775656272
"Eidolon_dupreanum","ear_length",19,0.192380017644756,0.101250868885879,0.283509166403632
"Eidolon_dupreanum","ear_length",20,0.185612134804062,0.0976058396694032,0.273618429938721
"Eidolon_dupreanum","ear_length",21,0.178478414328546,0.0937487374929289,0.263208091164164
"Eidolon_dupreanum","ear_length",22,0.170978864441042,0.0896751869585551,0.252282541923529
"Eidolon_dupreanum","ear_length",23,0.163113482420672,0.0853796715496424,0.240847293291702
"Eidolon_dupreanum","ear_length",24,0.154882274487021,0.0808551829855,0.228909365988542
"Eidolon_dupreanum","ear_length",25,0.146285230518218,0.0760926873017349,0.216477773734702
"Eidolon_dupreanum","ear_length",26,0.137322352757,0.0710804014136084,0.203564304100391
"Eidolon_dupreanum","ear_length",27,0.127993647299315,0.0658026974714507,0.190184597127178
"Eidolon_dupreanum","ear_length",28,0.118299108784732,0.0602385135156144,0.176359704053849
"Eidolon_dupreanum","ear_length",29,0.108238739558795,0.0543589737928482,0.162118505324742
"Eidolon_dupreanum","ear_length",30,0.0981343511863806,0.0483274926740324,0.147941209698729
"Eidolon_dupreanum","ear_length",31,0.0883078444250172,0.0423177748245235,0.134297914025511
"Eidolon_dupreanum","ear_length",32,0.0787591615088768,0.0363051873128441,0.12121313570491
"Eidolon_dupreanum","ear_length",33,0.0694883155863159,0.0302605816762618,0.10871604949637
"Eidolon_dupreanum","ear_length",34,0.0604953345593186,0.0241504507825975,0.0968402183360398
"Eidolon_dupreanum","ear_length",35,0.0517801782408494,0.0179380426118652,0.0856223138698337
"Eidolon_dupreanum","ear_length",36,0.0433428627231775,0.0115861791938222,0.0750995462525329
"Eidolon_dupreanum","ear_length",37,0.0351834033962107,0.00506197423068888,0.0653048325617325
"Eidolon_dupreanum","ear_length",38,0.0273017748946474,-0.00165677018556657,0.0562603199748615
"Eidolon_dupreanum","ear_length",39,0.0196979898190797,-0.00857481685102173,0.0479707964891811
"Eidolon_dupreanum","ear_length",40,0.0123720556984848,-0.0156751268362714,0.0404192382332411
"Eidolon_dupreanum","ear_length",41,0.00532396694990547,-0.0229189852166555,0.0335669191164665
"Eidolon_dupreanum","ear_length",42,-0.00144629565863667,-0.0302509298192767,0.0273583385020034
"Eidolon_dupreanum","ear_length",43,-0.00793870006098087,-0.0376064436742826,0.0217290435523208
"Eidolon_dupreanum","ear_length",44,-0.0141532672864961,-0.0449197852363644,0.0166132506633723
"Eidolon_dupreanum","ear_length",45,-0.0200899975531335,-0.052129587977703,0.0119495928714361
"Eidolon_dupreanum","ear_length",46,-0.0257488824112034,-0.0591819424908444,0.00768417766843755
"Eidolon_dupreanum","ear_length",47,-0.0311299182483705,-0.066031389726299,0.00377155322955811
"Eidolon_dupreanum","ear_length",48,-0.0362331161304429,-0.0726405921058421,0.000174359844956319
"Eidolon_dupreanum","ear_length",49,-0.0410584704917427,-0.0789793103541842,-0.00313763062930113
"Eidolon_dupreanum","ear_length",50,-0.0456059861585564,-0.0850232877054081,-0.0061886846117046
"Eidolon_dupreanum","ear_length",51,-0.0498756538425799,-0.090753099913844,-0.00899820777131589
"Eidolon_dupreanum","ear_length",52,-0.053867477819598,-0.0961532180848806,-0.0115817375543153
"Eidolon_dupreanum","ear_length",53,-0.0575814754685858,-0.10121120996035,-0.0139517409768211
"Eidolon_dupreanum","ear_length",54,-0.0610176087876991,-0.105917012995264,-0.0161182045801338
"Eidolon_dupreanum","ear_length",55,-0.064175907248399,-0.110262593437111,-0.0180892210596875
"Eidolon_dupreanum","ear_length",56,-0.0670563649273771,-0.114241412663674,-0.0198713171910803
"Eidolon_dupreanum","ear_length",57,-0.0696589832547534,-0.117848178977565,-0.0214697875319415
"Eidolon_dupreanum","ear_length",58,-0.071983763193731,-0.121078605400694,-0.0228889209867677
"Eidolon_dupreanum","ear_length",59,-0.0740306864717238,-0.123929196512278,-0.02413217643117
"Eidolon_dupreanum","ear_length",60,-0.075799774943416,-0.126397186143033,-0.025202363743799
"Eidolon_dupreanum","ear_length",61,-0.0772910156613395,-0.128480335730577,-0.0261016955921025
"Eidolon_dupreanum","ear_length",62,-0.0785044183373316,-0.130176916247247,-0.0268319204274161
"Eidolon_dupreanum","ear_length",63,-0.0794399819718436,-0.131485600219623,-0.0273943637240638
"Eidolon_dupreanum","ear_length",64,-0.0800976963901246,-0.132405428607472,-0.0277899641727776
"Eidolon_dupreanum","ear_length",65,-0.0804775764767887,-0.132935815926309,-0.0280193370272681
"Eidolon_dupreanum","ear_length",66,-0.0805796035297588,-0.133076449506568,-0.0280827575529498
"Eidolon_dupreanum","ear_length",67,-0.0804037964074112,-0.132827369537394,-0.0279802232774286
"Eidolon_dupreanum","ear_length",68,-0.0799501449999088,-0.132188893869898,-0.0277113961299192
"Eidolon_dupreanum","ear_length",69,-0.0792186460510034,-0.131161660154361,-0.0272756319476454
"Eidolon_dupreanum","ear_length",70,-0.0782093058146972,-0.129746655579925,-0.026671956049469
"Eidolon_dupreanum","ear_length",71,-0.0769221238040166,-0.127945228533022,-0.0258990190750115
"Eidolon_dupreanum","ear_length",72,-0.0753571096933278,-0.12575914725874,-0.0249550721279157
"Eidolon_dupreanum","ear_length",73,-0.073514237055203,-0.123190606856021,-0.0238378672543852
"Eidolon_dupreanum","ear_length",74,-0.0713935239881788,-0.120242408599563,-0.0225446393767949
"Eidolon_dupreanum","ear_length",75,-0.0689949768436579,-0.11691798482131,-0.0210719688660055
"Eidolon_dupreanum","ear_length",76,-0.0663185812292045,-0.11322152222339,-0.0194156402350187
"Eidolon_dupreanum","ear_length",77,-0.0633643445747154,-0.10915818619791,-0.0175705029515213
"Eidolon_dupreanum","ear_length",78,-0.0601322712940679,-0.104734291493377,-0.015530251094759
"Eidolon_dupreanum","ear_length",79,-0.0566223467818898,-0.099957565368803,-0.0132871281949765
"Eidolon_dupreanum","ear_length",80,-0.0528345788293564,-0.0948375435741569,-0.0108316140845559
"Eidolon_dupreanum","ear_length",81,-0.0487689789236671,-0.089385987125541,-0.00815197072179305
"Eidolon_dupreanum","ear_length",82,-0.04442552332486,-0.0836173827144132,-0.00523366393530678
"Eidolon_dupreanum","ear_length",83,-0.0399859863401142,-0.0777970697000341,-0.00217490298019429
"Eidolon_dupreanum","ear_length",84,-0.0356321059344851,-0.0721815222674622,0.000917310398491904
"Eidolon_dupreanum","ear_length",85,-0.0313638946640864,-0.066774175619579,0.00404638629140619
"Eidolon_dupreanum","ear_length",86,-0.027181346052252,-0.0615778134332159,0.0072151213287119
"Eidolon_dupreanum","ear_length",87,-0.0230844585743084,-0.0565943820040751,0.0104254648554583
"Eidolon_dupreanum","ear_length",88,-0.0190732442601334,-0.0518248003915754,0.0136783118713085
"Eidolon_dupreanum","ear_length",89,-0.0151476855384076,-0.0472687271083503,0.0169733560315351
"Eidolon_dupreanum","ear_length",90,-0.0113077911178469,-0.042924493735681,0.0203089114999871
"Eidolon_dupreanum","ear_length",91,-0.00755355240573114,-0.0387889782826953,0.023681873471233
"Eidolon_dupreanum","ear_length",92,-0.00388498449800926,-0.0348576707305955,0.027087701734577
"Eidolon_dupreanum","ear_length",93,-0.000302090100973834,-0.0311247151825628,0.0305205349806151
"Eidolon_dupreanum","ear_length",94,0.00319515337024931,-0.0275830517738653,0.0339733585143639
"Eidolon_dupreanum","ear_length",95,0.00660672822943539,-0.0242247213228106,0.0374381777816813
"Eidolon_dupreanum","ear_length",96,0.00993263612970426,-0.021041040214402,0.0409063124738106
"Eidolon_dupreanum","ear_length",97,0.0131729009608709,-0.018022877889216,0.0443686798109577
"Eidolon_dupreanum","ear_length",98,0.016327482348301,-0.0151609787977052,0.0478159434943072
"Eidolon_dupreanum","ear_length",99,0.0193964026712271,-0.0124460892617315,0.0512388946041856
"Eidolon_dupreanum","ear_length",100,0.0223796663426073,-0.00986918475258533,0.0546285174377999
